Team,Opening_Line,Recorded_At,Sport
Boston Celtics,1.5,2026-09-30 13:16:10,basketball_nba
Detroit Pistons,-1.5,2026-09-30 13:16:10,basketball_nba
New York Knicks,-5.5,2026-09-30 13:16:10,basketball_nba
Philadelphia 76ers,5.5,2026-09-30 13:16:10,basketball_nba
Oklahoma City Thunder,1.5,2026-09-30 13:16:10,basketball_nba
San Antonio Spurs,-1.5,2026-09-30 13:16:10,basketball_nba
Miami Heat,-1.5,2026-09-30 13:16:10,basketball_nba
Minnesota Timberwolves,1.5,2026-09-30 13:16:10,basketball_nba
Golden State Warriors,5.5,2026-09-30 13:16:10,basketball_nba
Los Angeles Lakers,-5.5,2026-09-30 13:16:10,basketball_nba
New York Knicks,1.5,2026-09-30 13:16:10,basketball_nba
San Antonio Spurs,-1.5,2026-09-30 13:16:10,basketball_nba
Boston Celtics,-6.5,2026-09-30 13:16:10,basketball_nba
Miami Heat,6.5,2026-09-30 13:16:10,basketball_nba
Los Angeles Lakers,-1.5,2026-09-30 13:16:10,basketball_nba
Philadelphia 76ers,1.5,2026-09-30 13:16:10,basketball_nba
Minnesota Timberwolves,4.5,2026-09-30 13:16:10,basketball_nba
Oklahoma City Thunder,-4.5,2026-09-30 13:16:10,basketball_nba
Denver Nuggets,-2.5,2026-09-30 13:16:10,basketball_nba
Golden State Warriors,2.5,2026-09-30 13:16:10,basketball_nba
Cleveland Browns,2.5,2026-09-30 13:16:10,americanfootball_nfl
Pittsburgh Steelers,-2.5,2026-09-30 13:16:10,americanfootball_nfl
Indianapolis Colts,-3.5,2026-09-30 13:16:10,americanfootball_nfl
Washington Commanders,3.5,2026-09-30 13:16:10,americanfootball_nfl
Arizona Cardinals,-1.5,2026-09-30 13:16:10,americanfootball_nfl
New York Giants,1.5,2026-09-30 13:16:10,americanfootball_nfl
Baltimore Ravens,-11.5,2026-09-30 13:16:10,americanfootball_nfl
Tennessee Titans,11.5,2026-09-30 13:16:10,americanfootball_nfl
Buffalo Bills,-6.5,2026-09-30 13:16:10,americanfootball_nfl
New England Patriots,6.5,2026-09-30 13:16:10,americanfootball_nfl
Chicago Bears,-3.5,2026-09-30 13:16:10,americanfootball_nfl
New York Jets,3.5,2026-09-30 13:16:10,americanfootball_nfl
Cincinnati Bengals,-2.5,2026-09-30 13:16:10,americanfootball_nfl
Jacksonville Jaguars,2.5,2026-09-30 13:16:10,americanfootball_nfl
Dallas Cowboys,2.5,2026-09-30 13:16:10,americanfootball_nfl
Houston Texans,-2.5,2026-09-30 13:16:10,americanfootball_nfl
Green Bay Packers,-3.5,2026-09-30 13:16:10,americanfootball_nfl
Tampa Bay Buccaneers,3.5,2026-09-30 13:16:10,americanfootball_nfl
Los Angeles Rams,-3.0,2026-09-30 13:16:10,americanfootball_nfl
Philadelphia Eagles,3.0,2026-09-30 13:16:10,americanfootball_nfl
Miami Dolphins,10.5,2026-09-30 13:16:10,americanfootball_nfl
Minnesota Vikings,-10.5,2026-09-30 13:16:10,americanfootball_nfl
Denver Broncos,2.5,2026-09-30 13:16:10,americanfootball_nfl
San Francisco 49ers,-2.5,2026-09-30 13:16:10,americanfootball_nfl
Kansas City Chiefs,-4.5,2026-09-30 13:16:10,americanfootball_nfl
Las Vegas Raiders,4.5,2026-09-30 13:16:10,americanfootball_nfl
Los Angeles Chargers,7.0,2026-09-30 13:16:10,americanfootball_nfl
Seattle Seahawks,-7.0,2026-09-30 13:16:10,americanfootball_nfl
Carolina Panthers,3.5,2026-09-30 13:16:10,americanfootball_nfl
Detroit Lions,-3.5,2026-09-30 13:16:10,americanfootball_nfl
Atlanta Falcons,2.5,2026-09-30 13:16:10,americanfootball_nfl
New Orleans Saints,-2.5,2026-09-30 13:16:10,americanfootball_nfl
Dallas Cowboys,-9.5,2026-09-30 13:16:10,americanfootball_nfl
Tampa Bay Buccaneers,9.5,2026-09-30 13:16:10,americanfootball_nfl
Jacksonville Jaguars,-2.5,2026-09-30 13:16:10,americanfootball_nfl
Philadelphia Eagles,2.5,2026-09-30 13:16:10,americanfootball_nfl
Chicago Bears,2.5,2026-09-30 13:16:10,americanfootball_nfl
Green Bay Packers,-2.5,2026-09-30 13:16:10,americanfootball_nfl
Cincinnati Bengals,-8.5,2026-09-30 13:16:10,americanfootball_nfl
Miami Dolphins,8.5,2026-09-30 13:16:10,americanfootball_nfl
Cleveland Browns,2.5,2026-09-30 13:16:10,americanfootball_nfl
New York Jets,-2.5,2026-09-30 13:16:10,americanfootball_nfl
Houston Texans,-6.5,2026-09-30 13:16:10,americanfootball_nfl
Tennessee Titans,6.5,2026-09-30 13:16:10,americanfootball_nfl
Indianapolis Colts,1.5,2026-09-30 13:16:10,americanfootball_nfl
Pittsburgh Steelers,-1.5,2026-09-30 13:16:10,americanfootball_nfl
Las Vegas Raiders,3.5,2026-09-30 13:16:10,americanfootball_nfl
New England Patriots,-3.5,2026-09-30 13:16:10,americanfootball_nfl
Minnesota Vikings,-1.5,2026-09-30 13:16:10,americanfootball_nfl
New Orleans Saints,1.5,2026-09-30 13:16:10,americanfootball_nfl
New York Giants,2.5,2026-09-30 13:16:10,americanfootball_nfl
Washington Commanders,-2.5,2026-09-30 13:16:10,americanfootball_nfl
Denver Broncos,-1.5,2026-09-30 13:16:10,americanfootball_nfl
Los Angeles Chargers,1.5,2026-09-30 13:16:10,americanfootball_nfl
Arizona Cardinals,5.5,2026-09-30 13:16:10,americanfootball_nfl
Detroit Lions,-5.5,2026-09-30 13:16:10,americanfootball_nfl
San Francisco 49ers,3.5,2026-09-30 13:16:10,americanfootball_nfl
Seattle Seahawks,-3.5,2026-09-30 13:16:10,americanfootball_nfl
Atlanta Falcons,6.5,2026-09-30 13:16:10,americanfootball_nfl
Baltimore Ravens,-6.5,2026-09-30 13:16:10,americanfootball_nfl
Buffalo Bills,2.5,2026-09-30 13:16:10,americanfootball_nfl
Los Angeles Rams,-2.5,2026-09-30 13:16:10,americanfootball_nfl
Philadelphia Flyers,1.68,2026-09-30 13:16:10,icehockey_nhl
Pittsburgh Penguins,2.22,2026-09-30 13:16:10,icehockey_nhl
New York Islanders,2.04,2026-09-30 13:16:10,icehockey_nhl
Toronto Maple Leafs,1.79,2026-09-30 13:16:10,icehockey_nhl
Colorado Avalanche,1.5,2026-09-30 13:16:10,icehockey_nhl
Los Angeles Kings,2.64,2026-09-30 13:16:10,icehockey_nhl
